run,sample,forward,reverse
Library1,S1,F04mod-A,R22mod-B
Library1,S2,F04mod-A,R22mod-K
Library1,S3,F04mod-B,R22mod-I
Library1,S4,F04mod-B,R22mod-Q
Library1,S5,F04mod-C,R22mod-L
Library1,S6,F04mod-C,R22mod-U
Library1,S7,F04mod-D,R22mod-B
Library1,S8,F04mod-D,R22mod-O
Library1,S9,F04mod-E,R22mod-D
Library1,S10,F04mod-E,R22mod-J
Library1,S11,F04mod-F,R22mod-E
Library1,S12,F04mod-F,R22mod-N
Library1,S13,F04mod-G,R22mod-A
Library1,S14,F04mod-G,R22mod-R
Library1,S15,F04mod-H,R22mod-A
Library1,S16,F04mod-H,R22mod-O
Library1,S17,F04mod-I,R22mod-H
Library1,S18,F04mod-I,R22mod-M
Library1,S19,F04mod-J,R22mod-G
Library1,S20,F04mod-J,R22mod-L
Library1,S21,F04mod-K,R22mod-I
Library1,S22,F04mod-K,R22mod-R
Library1,S23,F04mod-L,R22mod-B
Library1,S24,F04mod-L,R22mod-L
Library1,S25,F04mod-M,R22mod-I
Library1,S26,F04mod-M,R22mod-P
Library1,S27,F04mod-N,R22mod-C
Library1,S28,F04mod-N,R22mod-P
Library1,S29,F04mod-O,R22mod-A
Library1,S30,F04mod-O,R22mod-Q