OTU_ID	SRR24994311_1sub_consensus-msi	SRR24994312_1sub_consensus-msi	SRR24994313_1sub_consensus-msi	SRR24994314_1sub_consensus-msi	taxon	mean identity	ref ids
OTU0	86	118	21	20	Bacteria;PANNAM;Proteobacteria;Proteobacteria_X;Gammaproteobacteria;Enterobacteriales;Enterobacteriaceae;EscherichiaShigella;EscherichiaShigella_sp.	0.996	AF403733.1.1507_U;GQ157481.1.1479_U
OTU1	905	866	973	977	Bacteria;Terrabacteria;Firmicutes;Firmicutes_X;Bacilli;Bacillales	0.9583333333333334	JPNA01000018.4559.3023_U;AIER01000006.5153.3617_U;AB042061.1.1553_U
OTU2	1	0	1	0	unassigned	0	
OTU3	2	4	2	0	unassigned	0	
OTU4	3	6	2	1	Bacteria;FCB;Bacteroidetes;Bacteroidetes_X;Bacteroidia;Bacteroidales;Prevotellaceae;Prevotella_7;Prevotella_7_sp.	0.99	AF432133.1.1505_U
OTU5	1	1	0	0	Bacteria;Gracilicutes;Fusobacteria;Fusobacteria_X;Fusobacteriia;Fusobacteriales;Fusobacteriaceae;Fusobacterium;Fusobacterium_sp.	0.966	GQ301038.1.1442_U;AABF01000026.18732.20232_U
OTU6	0	1	0	0	Bacteria;FCB;Bacteroidetes;Bacteroidetes_X;Bacteroidia;Flavobacteriales;Weeksellaceae	0.9286666666666666	AY278614.1.1439_U;AY345495.1.1472_U;X85207.1.1475_U
OTU7	1	0	0	0	unassigned	0	
